ID,Description,Start Time,End Time,Total Time
0,Time to send images,1681225697.1824613,1681225699.8241448,2.641683578491211
2,Time to send images,1681225699.8241627,1681225702.0641427,2.2399799823760986
4,Time to send images,1681225702.0641575,1681225704.3257449,2.261587381362915
10,StartEndTime,1681225697.1623058,1681225704.3259401,7.163634300231934
