ID,Description,Start Time,End Time,Total Time
0,Time to send images,1681247117.8325143,1681247120.6523318,2.819817543029785
2,Time to send images,1681247120.6525016,1681247123.1182055,2.4657039642333984
4,Time to send images,1681247123.1182241,1681247125.3239095,2.2056853771209717
10,StartEndTime,1681247117.8233416,1681247125.3243172,7.500975608825684
